,Con,Contp,PP,PPName,Reg,AgtId,Ver,Agt,Dat,Status,Lgt,N_characters,Agtp,Stage,StageSub,Part,ThrdPart,OthAgr,Loc1ISO,Loc2ISO,Loc1GWNO,Loc2GWNO,UcdpCon,UcdpAgr,PamAgr,CowWar,Interim,WggPar,WggGenQuot,WggEffPart,WggCitizen,WggParOth,WggEq,WggEqGen,WggSocEq,WggEqOth,WggGrp,WggIndNom,WggRefDisp,WggPreg,WggGrpOth,WggIntLaw,WggHR,WggHrSta,WggUnsc,WggIntLawOth,WggNewInst,WggInstWom,WggInf,WggRecon,WggNewInstOth,WggVio,WggVioSex,WggVioGen,WggVioProt,WggVioOth,WggTraJus,WggPast,WggPri,WggTraJusOth,WggInstRef,WggConst,WggLawRef,WggJud,WggPol,WggDdr,WggPubAdm,WggInstRefOth,WggDev,WggDevGen,WggRehab,WggEdu,WggHea,WggRepro,WggDevOth,WggImpl,WggImplRole,WggImplSign,WggImplOth,WggOth
count,271.0,271.0,271,271,271.0,271,271,271,271.0,271,271,271,271,271.0,267.0,266.0,163.0,167.0,267.0,15.0,267.0,15.0,226.0,62.0,5.0,148.0,271,271,271,271,271,271,271,271,271,271,271,271,271,271,271,271,271,271,271,271,271,271,271,271,271,271,271,271,271,271,271,271,271,271,271,271,271,271,271,271,271,271,271,271,271,271,271,271,271,271,271,271,271,271
sum,,,21749,"Afghanistan: 2000s Post-intervention processAfghanistan: 2000s Post-intervention processAfghanistan: 2000s Post-intervention processAfghanistan: 2000s Post-intervention processAfghanistan: 2000s Post-intervention processAfghanistan: 2000s Post-intervention processAfghanistan: 2000s Post-intervention processAfghanistan: 2000s Post-intervention processAfghanistan: 2000s Post-intervention processAfghanistan: 2000s Post-intervention processAfghanistan: 2000s Post-intervention processAfghanistan: 2000s Post-intervention processAfghanistan: 2000s Post-intervention processAfghanistan: 2000s Post-intervention processAfghanistan: 2000s Post-intervention processAlgeria: Bouteflika ProcessAngola: UNITA processAfrican Great Lakes: Regional ProcessAfrican Great Lakes: Regional ProcessAfrican Great Lakes: Regional ProcessCabinda processAfrican Great Lakes: Regional ProcessBahrain: Reform-based peace processBahrain: Reform-based peace processBahrain: Reform-based peace processBurundi: Arusha and related peace processBurundi: Arusha and related peace processBurundi: Arusha and related peace processBurundi: Arusha and related peace processBurundi: Arusha and related peace processBurundi: Arusha and related peace processBurundi: Arusha and related peace processBurundi: Arusha and related peace processCAR: Local ProcessesCAR: African Initiative (and related) ProcessCAR: Local ProcessesCAR: Local ProcessesCAR: African Initiative (and related) ProcessCAR: Local ProcessesCAR: Local ProcessesCAR: coups and rebellions processCAR: coups and rebellions processCAR: coups and rebellions processCAR: coups and rebellions processCAR: coups and rebellions processCAR: coups and rebellions processCAR: coups and rebellions processCAR: coups and rebellions processCAR: coups and rebellions processCAR: coups and rebellions processCAR: coups and rebellions processChad: Fourth War ProcessColombia V - SantosColombia V - SantosColombia V - SantosColombia V - SantosColombia V - SantosColombia V - SantosColombia V - SantosColombia V - SantosColombia V - SantosColombia V - SantosColombia V - SantosColombia V - SantosColombia V - SantosColombia V - SantosColombia V - SantosColombia V - SantosColombia V - SantosColombia V - SantosColombia V - SantosComoros-Anjouan islands peace processCote D'Ivoire: peace processCote D'Ivoire: peace processCote D'Ivoire: peace processDRC: Second Congo war processDRC: Eastern DRC processesDRC: Eastern DRC processesDRC: Eastern DRC processesDRC: Eastern DRC processesDRC: Eastern DRC processesDRC: Second Congo war processDRC: Second Congo war processDRC: Second Congo war processDRC: Second Congo war processKenya Local AgreementsSomali Local Peace ProcessesIndia Bodoland peace processIndia-Darjeeling peace processIndonesia-Aceh peace processIndonesia-Aceh peace processIndonesia-Aceh peace processIraq peace process - second Iraq warIraq peace process - second Iraq warIraq peace process - second Iraq warIraq peace process - second Iraq warNorthern Ireland peace processNorthern Ireland peace processNorthern Ireland peace processNorthern Ireland peace processNorthern Ireland peace processKenya peace processKenya Local AgreementsKenya Local AgreementsKenya Local AgreementsKenya peace processKenya peace processKenya peace processSyrian Local AgreementsLesotho processLesotho processLiberia peace processLibyan peace processLibyan local processesLibyan local processesLibyan peace processLibyan transitional processMadagascar peace processMali Local ProcessesMali-Azawad Inter-Azawad peace processMali-Azawad Inter-Azawad peace processMyanmar ceasefires process with ethnic armed groupsMyanmar ceasefires process with ethnic armed groupsMyanmar ceasefires process with ethnic armed groupsMyanmar ceasefires process with ethnic armed groupsMyanmar ceasefires process with ethnic armed groupsMyanmar ceasefires process with ethnic armed groupsNepal peace processNepal related-local processesNepal related-local processesNepal related-local processesNepal peace processNepal related-local processesNepal related-local processesNepal related-local processesNepal peace processNepal peace processNepal peace processNepal peace processNepal peace processNepal peace processNepal peace processNepal peace processNigeria - local agreementsNigeria - local agreementsNigeria - local agreementsNigeria - Plateau State ProcessNigeria - Plateau State ProcessNigeria - Plateau State ProcessNigeria - Plateau State ProcessPakistan-Taliban processPakistan-Taliban processPakistan-Taliban processPalestine, Intra-Palestian agreementsPalestine, Intra-Palestian agreementsPalestine, Intra-Palestian agreementsBougainville: peace processBougainville: peace processPhilippines-NDF processPhilippines-NDF processPhilippines-NDF processPhilippines - Cordillera processPhilippines - Mindanao processPhilippines - Mindanao processPhilippines - Mindanao processPhilippines - Mindanao processPhilippines - Mindanao processPhilippines - Mindanao processPhilippines - Mindanao processPhilippines - Mindanao processPhilippines - Mindanao processPhilippines - Mindanao processPhilippines - Mindanao processPhilippines - Mindanao processPhilippines - Mindanao processRAM processSomalia Peace ProcessSomalia Peace ProcessSomalia Peace ProcessSomalia Peace ProcessSomalia Peace ProcessSomalia Peace ProcessSomalia Peace ProcessSomalia Peace ProcessSomalia Peace ProcessSomalia Peace ProcessSomalia-Puntland Peace ProcessSomalia Peace ProcessSomalia Peace ProcessSomalia Peace ProcessSomalia-Puntland Peace ProcessSomalia-Puntland Peace ProcessSouth Sudan post-secession processSouth Sudan: Post-secession Local agreementsSouth Sudan post-secession processSouth Sudan post-secession processSouth Sudan: Post-secession Local agreementsSouth Sudan: Post-secession Local agreementsSouth Sudan post-secession processSouth Sudan: Post-secession Local agreementsSouth Sudan post-secession processSouth Sudan: Post-secession Local agreementsSouth Sudan post-secession processSouth Sudan post-secession processSouth Sudan post-secession processSouth Sudan post-secession processSouth Sudan: Post-secession Local agreementsSouth Sudan: Post-secession Local agreementsSouth Sudan post-secession processSouth Sudan: Post-secession Local agreementsSouth Sudan: Post-secession Local agreementsNorth - South Sudan secession processSudanese (North-South) peace processSudanese (North-South) peace processSudanese (North-South) peace processSudanese (North-South) peace processSudanese (North-South) peace processSudanese (North-South) peace processKordofan - Blue Nile - Abyei processSudanese (North-South) peace processKordofan - Blue Nile - Abyei processKordofan - Blue Nile - Abyei processKordofan - Blue Nile - Abyei processSri Lanka LTTE 2002 onward processSri Lanka LTTE 2002 onward processSri Lanka LTTE 2002 onward processSri Lanka LTTE 2002 onward processSri Lanka LTTE 2002 onward processSri Lanka LTTE 2002 onward processSri Lanka LTTE 2002 onward processSri Lanka LTTE 2002 onward processSri Lanka LTTE 2002 onward processSri Lanka LTTE 2002 onward processSri Lanka LTTE 2002 onward processSri Lanka LTTE 2002 onward processSudan Transition ProcessKordofan - Blue Nile - Abyei processSudanese (North-South) peace processDarfur-Sudan peace processDarfur-Sudan peace processDarfur-Sudan peace processDarfur-Sudan peace processDarfur-Sudan peace processDarfur-Sudan peace processDarfur-Sudan peace processDarfur-Sudan peace processDarfur-Sudan peace processDarfur-Sudan peace processEastern Sudanese Peace ProcessSyrian peace processSyrian peace processSyrian peace processIntra-Syrian Process (state/non-state)Syrian Local AgreementsIntra-Syrian Process (state/non-state)Syrian peace processTogo peace processTunisia reform processUganda peace processUganda peace processUganda peace processUganda peace processUganda peace processUganda peace processUganda peace processYemen peace processYemen peace processYemen peace processYemen peace processZimbabwe post-election processZimbabwe post-election process",,324222,351,"Resolution of Intra Afghan Peace Conference in Doha, Qatar (Doha Roadmap for Peace)Agreement between the Islamic Republic of Afghanistan and Hizb-e-Islami Agreement between the two campaign teams regarding the structure of the national unity governmentTokyo Declaration Partnership for Self-Reliance in Afghanistan from Transition to Transformation (Tokyo Conference)Conclusions of the Conference on Afghanistan and the International Community: From Transition to the Transformation Decade (Bonn Conference)Istanbul Process on Regional Security and Cooperation for a Secure and Stable AfghanistanRenewed Commitment by the Afghan Government to the Afghan People and the International Community to Afghanistan (Kabul Conference Communique)The Resolution Adopted at the Conclusion of the National Consultative Peace JirgaCommuniqué of the Conference on Afghan Leadership, Regional Cooperation, International Partnership (London Conference Communique)Statement of the International Conference on Afghanistan (Hague Conference)Declaration of the International Conference in Support of Afghanistan (Paris Conference)Afghanistan Compact Building on Success (London Conference)Berlin Declaration (Berlin Conference)Communiqué of the International Conference on Reconstruction Assistance to Afghanistan (Tokyo Conference)Agreement on Provisional Arrangements in Afghanistan Pending the Re-establishment of Permanent Government Institutions ('Bonn Agreement')Project de charte pour la paix et la réconciliation nationaleLuena Memorandum of Understanding (Addendum to the Lusaka Protocol for the Cessation of Hostilities and the Resolution of the Outstanding Military Issues under the Lusaka Protocol)Pact on Security, Stability, and Development in the Great Lakes RegionDar-Es-Salaam Declaration on Peace, Security, Democracy and Development in the Great Lakes RegionPeace, Security and Cooperation Framework for the Democratic Republic of the Congo and the region
Memorandum of Peace and Understanding in Cabinda ProvinceProtocol of Non-aggression and Mutual Defence in the Great Lakes RegionBahrain National Dialogue Proposals, Executive SummaryRoyal Order No.28 of 2011, Establishing an Independent Commission to Investigate and Report on the Events Which Occurred in Bahrain in February/March 2011National Action Charter of BahrainDéclaration du Directoire Politique du processus de paix au Burundi sur le processus de mise en oeuvre des décisions conjointes prises à PretoriaComprehensive Ceasefire Agreement between the Government of the Republic of Burundi and the Palipehutu - FNLDar-es-Salaam Agreement on Principles Towards lasting Peace, Security, and Stability in BurundiConstitution of 18 March 2005Accord de Partage de Pouvoir au BurundiForces Technical Agreement between the Transitional Government of the Republic of Burundi and the CNDD-FDDCeasefire Agreement between the Transitional Government of Burundi and the Conseil National pour la Defence de la Democratie-Forces pour la Defense de la DemocratieConstitution de transition du 28 octobre 2001Compte Rendu des Activities du Comite de Suivi de L'Accord de Paix a BangassouPolitical Agreement for Peace and Reconciliation in the Central African Republic (Khartoum Accord)P'Comite de Suivi de la Accord de Paix et de Reconciliation BangassouAccord de la Paix LocaleSynthesis of the Harmonised Claims of the Armed Groups of the RCO Bouar, of 30 August 2018 RecommandationsPacte de Non-Agression et de la Libre Circulation dans La Commune de NdengaPacte Républicain pour la paix, la réconciliation nationale et la reconstruction en la République CentrafricaineAgreement between the Transitional Government and the armed groups on the principles of disarmament, demobilization, reintegration and repatriation and of integration into the uniformed State forces of the Central African Republic (DDRR Agreement)Accord de cessation des hostilités en République Centrafricaine (Brazzaville Agreement on Cessation of Hostilities)Transitional National Charter (Interim Constitution)Declaration of N'DjamenaDéclaration de principe des parties aux négociations de Libreville sur la crise CentrafricaineAccord de cessez-le-feu entre le Gouvernement de la République Centrafricaine et la Coalition SelekaAccord de Cessez-le-Feu Entre d’une part L’Union des Forces Democratiques pour le Rassemblement (UFDR) et d’autre part la Convention des Patriotes pour la Justice et la Paix (CPJP)Accord de Paix Global entre le Gouvernement de la République Centrafricaine et les Mouvements Politico-Militaires Centrafricains désignés ci après : Armée Populaire pour la Restauration de la Démocratie (APRD), Front Démocratique du Peuple Centrafricain (FDPC), Union des Forces Démocratique pour le Rassemblement (UFDR)Accord de cessez le feu et de paix entre le Gouvernement de la République Centrafricaine et le mouvement politique et militaire Centrafricain APRDAccord de Paix entre le Gouvernement de la République Centrafricaine et les Mouvements Politico-Militaires ci-après designés: FDPC et UFDR (Syrte Agreement)Accord politique en vue du renforcement du processus démocratiqueFinal Agreement to End the Armed Conflict and Build a Stable and Lasting PeaceFARC Letter To Christians and Anyone Who Professes a ReligionJoint Communique #97Joint Communique #96Agreement on security guarantees and the fight against criminal organisations responsible for killings and massacres, or that infringe against defenders of human rights, social movements or political movements, including the criminal organisations that have been named successors to paramilitary groups and their support networks, and the persecution of criminal behavior that threatens the implementation of the agreements and the building of peaceAgreement on the Bilateral and Final Ceasefire, End of Hostilities, and Surrender of WeaponsJoint Communique #70Joint Communique #66Agreement on the Victims of Conflict, 'Comprehensive System for Truth, Justice, Reparation and Non-repitition, including the Special Jurisdiction for Peace; and Commitment on Human RightsJoint Communiqué # 60 regarding the Agreement of the Creation of a Special Jurisdiction for PeaceJoint Communiqué #55, Havana Joint Report of the Dialogue Table between the Government and the Revolutionary Armed Forces of Colombia - People's Army Joint Communiqué #53, Havana Joint Communiqué #52, Havana Joint Communiqué, Havana, December 3, 2014Joint Communiqué, Havana, August 5, 2014Hacia un Nuevo Campo Colombiano: Reforma Rural IntegralSolución al Problema de las Drogas IlícitasParticipacíon política: Apertura democrática para construir la pazComoros's Constitution of 2001UN Security Council Resolution 1721Joint Declaration of the Defence and Security Forces of Côte D'Ivoire and the armed Forces of the Forces NouvellesLinas-Marcoussis AgreementGlobal and Inclusive Political Agreement of the Inter-diocesan Center of Kinshasa Outcome Documents from the Conclusion of the Kampala Dialogue between the Government of the Democratic Republic of the Congo and the M23Peace Agreement between the Government and Le Congres National pour la Défense du Peuple (CNDP)Ordonnance N° 08/008 du 02 Fev 2008 portant organisation et fonctionnement du programme national de sécurisation, pacification, stabilisation et reconstruction des provinces du Nord-Kivu et du Sud-Kivu, dénommé « Programme Amani »Acte d'Engagement, Nord KivuActe d'Engagement, Sud KivuIntercongolese Negotiations: The Final Act ('The Sun City Agreement')Draft Constitution of the TransitionGlobal and Inclusive Agreement on Transition in the Democratic Republic of Congo ('The Pretoria Agreement')Acte d'Engagement GaboroneValidation of the Reviews and Amendments on Dukana-Dillo-Maikona DeclarationAdadda Peace Agreement Memorandum of Settlement on Bodoland Territorial CouncilMemorandum of Agreement on the Gorkha Territorial AdministrationCessation of Hostilities Framework Agreement between the Government of the Republic of Indonesia and the Free Aceh MovementAgreement Reached by both Field Commanders of the RI and the GAMReport on the Meeting between the Aceh Free Movement (GAM) and the Republic of Indonesia (RI)Constitution of IraqUN Security Council Resolution 1546Law of Administration for the State of Iraq for the Transitional PeriodAgreement on Political ProcessNew Decade, New Approach A Fresh Start: The Stormont Agreement and Implementation PlanStormont House AgreementHillsborough Castle AgreementJoint Declaration by the British and Irish GovernmentsNakuru County Peace Accord
Mabanga Peace AccordModogashe Declaration (III)Sotik and Borabu Social ContractKenya National Dialogue and Reconciliation, Statement of Principles on Long-term Issues and SolutionsKenya National Dialogue and Reconciliation - Truth, Justice and Reconciliation CommissionKenya National Dialogue and Reconciliation: Public StatementArsal 24-Hour Ceasefire AgreementThe Electoral PledgeSigned agreement by political parties on the National Assembly Electoral Bill 2011Peace Agreement between the Government of Liberia, the Liberians United for Reconciliation and Democracy (LURD), the Movement of Democracy in Liberia (MODEL) and the Political Parties (Accra Agreement)Palermo Conference for and with Libya, ConclusionsFezzan Humanitarian AgreementHumanitarian Appeal for BenghaziLibyan Political Agreement (Sukhairat Agreement)Draft Constitutional Charter for the Transitional Stage: The Constitutional DeclarationRoadmap for Ending the Crisis in Madagascar - Commitments by Malagasy Political StakeholdersAgreement between the Dafing, Samogo, Fulani, Dogon and Bozo communities of the Baye municipality, located in the area (“circle”) of Bankass and the region of Mopti (Baye agreement)Accord Pour la Paix et la Reconciliation au Mali - Issu du Processus d'AlgerAccord préliminaire à l’élection présidentielle et aux pourparlers inclusifs de paix au Mali (Accord préliminaire de Ouagadougou)Military Code of Conduct between the Government of Burma and Ethnic Armed Organisations (EAO) in Accordance with the National Ceasefire Agreement (NCA)Joint Monitoring Committee guideline for Each Level (Draft)The Nationwide Ceasefire Agreement (NCA) between The Government of the Republic of the Union of Myanmar and the Ethnic Armed Organizations (EAO)The Framework for Political DialogueCode of Conduct for political parties and candidatesAgreement Between the Chin National Front (CNF) and Union-Level Peace Working Committee at the 2nd Round of Peace TalksConstitution of Nepal 2015Agreement between the GoN and Samyukta Muslim Rastriya Sangharsha SamitiAgreement between the GoN and the Adivasi Tharu Community agitating in the Terai and Nepal Adivasi Janajati MahsanghaAgreement between the Government Talks Team comprising the Seven political Parties and Sanghiya Ganatantrik Rastriya Morcha, NepalAgreement between the GoN and Samyukta Loktantrik Madheshi MorchaAgreement between the GoN and the Rastriya Badi Adkhikar Sangharsha SamitiAgreement between the GoN and Nepal Adivasi Janajati Mahasangha and Adivasi Janajati Samyukta Sangharsha SamitiAgreement between the GoN and Madheshi Janadhikar Forum, NepalNepal Interim ConstitutionAgreement on the Monitoring of Arms and ArmiesComprehensive Agreement concluded between the Government of Nepal and the Communist Party of Nepal (Maoist)Decisions of the Seven Party Alliance (SPA) - Maoist Summit MeetingLocal Peace Council and its Procedure-2006Press Release of the Expansion of the Interim Constitution Draft CommitteeAgreement of the Third Round Negotiations between the Government of Nepal and CPN (Maoists) at the Prime Minister's Baluwatar and 8-Point Agreement12-Point Understanding between the Seven Political Parties and Nepal Communist Party (Maoists)Oyo State Workshop Resolutions on the Promotion of Community Dialogue, Conflict Resolution and Peacebuilding for Share and Tsaragi CommunitiesKafanchan Peace Declaration between Grazers and FarmersKafachan Peace Declaration, The Southern Kaduna State Inter-communal Dialogue Southern Plateau Peace DeclarationJoint Declaration of Commitment to Peace and CooperationDeclaration of Intent and SignaturesDeclaration of Intent (by the Fulani Dialogue Steering Committee) Swat Peace AccordNorth West Frontier Province Government’s Agreement with the TalibanPeace Agreement in North Waziristan (Miranshah Peace Accord)The Gaza Agreement (The Sha'ti Agreement)The National Conciliation Document of the Prisoners (The Prisoner's Document) (2nd Version)The National Conciliation Document of the Prisoners (The Prisoner's Document) (1st Version)Bougainville Peace AgreementJoint Bougainville Ex-combatants Agreement on Weapons Disposal (Rotakas Record)Joint Statement on the Second Round of Talks between the GRP and the NDFP 
The Second Oslo Joint StatementOslo Joint StatementMemorandum of Agreement between the Government of the Philippines and the CBA/CPLA towards the CPLA’s Final Disposition of Arms and Forces and its Transformation into a Potent Socio-Economic Unarmed Force (Closure Agreement)Guidelines for the Operationalization of the Bangasamoro Normalization Trust FundThe Task Force for Decommissioned Combatants and their Communities and its Terms of ReferenceProtocol on the Implementation of the Terms of Reference (TOR) of the Independent Decommissioning Body (IDB)Annex on Normalization to the Framework Agreement on the Bangsamoro (FAB)
Annex on Power-Sharing to the Framework Agreement on the Bangsamoro (FAB)Annex on Revenue Generation and Wealth-sharing to the Framework Agreement on the Bangsamoro (FAB)Terms of Reference for Sajahatra BangsamoroThe Independent Commission on Policing and its Terms of Reference
Framework Agreement on the BangsamoroGovernment of the Philippines-MILF Decision Points on Principles as of April 2012Terms of Reference of the Civilian Protection Component (CPC) of the International Monitoring Team (IMT)Joint Communique between United Nations Children's Fund (UNICEF) and Moro Islamic Liberation Front (MILF)Implementing Guidelines on the Security Aspect of the GRP-MILF Tripoli Agreement of Peace of 2001Rules and Procedures to Implement the Intent and Provisions of the Peace Agreement between the Republic of the Philippines and the Rebolusyonaryong Partido NG Manggagawa – Pilipinas/Revolutionary Proletarian Army/Alex Boncayao BrigadeCommunique: The Mogadishu Declaration of the National Consultative Forum Provisional Constitution of The Federal Republic of SomaliaProtocol Establishing the Somali New Federal Parliament
Protocol Establishing the Signatories Technical Facilitation Committee
Protocol Establishing the Somali National Constituent AssemblyProtocol Establishing the Technical Selection Committee
Consultative Meeting on Ending the Transition in Somalia: Statement on Adoption of the Roadmap (Kampala Roadmap)Decision on the High Level Committee, Djibouti AgreementThe Transitional Federal Charter of the Somali RepublicNational Leaders Forum CommuniquéAgreement Between the Federal Government of Somalia and the Government of Puntland State of SomaliaAgreement between the Federal Government of Somalia and Puntland State of SomaliaThe Garowe II Principles on Federalism, System of Government and Ending of Transition through operationalizing Garowe I (Garowe II)The Garowe Principles on the Finalization and Adoption of the Constitution and the End of Transition (Garowe I)Agreement between the TFG and the Puntland Regional State of Somalia (Galkayo Agreement)Ramada Peace Agreement Pageri Peace Forum ResolutionsResolutions of Mukaya County Peace and Reconciliation Conference (Yei River State) Revitalised Agreement on the Resolution of the Conflict in the Republic of South Sudan (R-ARCSS)Agreement on Outstanding issues of GovernanceResolutions of Western Lakes State Grassroots Peace Initiative (Yei River State)Joint Peace Committee Meeting Resolution (Payinjiar, Yirol and Rumbek-Amongpiny)Agreement on the Cessation of Hostilities, Protection of Civilians and Humanitarian Access, Republic of South SudanAgreement on Cessation of Hostilities between the Youth of Dinka Bor and Murle CommunitiesAgreement on the Cessation of Hostilities between the Government of the Republic of South Sudan (RSS) and the South Sudan National Liberation Movement/Army (SSNLM/A)Agreement on the Resolution of the Conflict in the Gbudue and Maridi StatesAgreement on the Resolution of the Conflict in the Republic of South Sudan (ARCSS)Areas of Agreement on the Establishment of the Transitional Government of National unity (TGoNU) in the Republic of South SudanAgreement on the Reunification of the Sudan People's Liberation Movement (Arusha Agreement)Protocol on Agreed Principles on Transitional Arrangements Towards Resolution of the Crises in South SudanRecommendations of the Terekeka Peace ConferenceAgreement on Resolution of the Conflict in Jonglei State between Government of the Republic of South Sudan and South Sudan Democratic Movement/Army-Cobra Faction (SSDM-SSDA-Cobra) (Yau Yau Agreement)Agreement on Cessation of Hostilities between the Government of the Republic of South Sudan (GRSS) and the Sudan People’s Liberation Movement/Army (In Opposition) (SPLM/A in Opposition)
Gogrial Agreement (between  Twic, Aweil East, Aweil South and Gogrial West Counties)All-Jonglei Conference for Peace, Reconciliation and Tolerance, held in Bor, 1-5 May 2012: Conference Resolutions and Recommendations Implementation Modalities for Security Arrangements agreed on 27 September 2012The Interim National Constitution of the Republic of Sudan 2005Comprehensive Peace Agreement between the Government of the Republic of the Sudan and the Sudan People's Liberation Army/Sudan People's Liberation Movement (Naivasha Agreement)Agreement on Permanent Ceasefire and Security Arrangements Implementation Modalities between the Government of Sudan (GOS) and the Sudan People's Liberation Movement/People's Liberation Army (SPLM/SPLA) During the Pre-interim and Interim PeriodsProtocol between the Government of the Sudan and the Sudan People's Liberation Movement (SPLM) on Power SharingFramework Agreement on Wealth Sharing during the Pre-interim and Interim Periods between the Government of the Sudan (GOS) and the Sudan People's Liberation Movement/Sudan People's Liberation Army (SPLM/A)Machakos ProtocolNuba Mountains Ceasefire Agreement on SudanJuba Declaration on Dialogue and National ConsensusCommunique: Dinka Malual & Rezeigat Grassroots Peace ConferenceJoint Final Communique and Resolutions: Dinka Malual and Misseriyya Grassroots Peace Conference Protocol between the Government of Sudan and the Sudan People's Liberation Movement on the Resolution of Conflict in Southern Kordofan/Nuba Mountains and the Blue Nile StatesMemorandum of Understanding for the Establishment of a Post-Tsunami Operational Management Structure (P-TOMS)The LTTE's Proposal for an Agreement to Establish an Interim Self-Governing Authority for the NortheastTokyo Declaration on Reconstruction and Development of Sri LankaAgreed Statement on behalf of the PartiesFirst meeting of the sub-committee on gender issues (SGI) held in KilinochchiMeeting of the sub-committee on immediate humanitarian and rehabilitation needs in the North and East (SIHRN)Human Rights issues relating to the peace processAdvisor Appointed for the Sub-committee on Gender Issues in the Sri Lanka Peace ProcessAccelerated Action on Resettlement and Humanitarian Action, Progress on Human RightsThe third sesson of peace talks between the Government of Sri Lanka (GOSL) and the Liberation Tigers of Tamil Eelam (LTTE) (Oslo Communique)Declaration in Support of the Peace Process in Sri Lanka (Oslo Declaration)Significant Steps to Restore Normalcy, Improve Security and Address Political MattersPolitical agreement on establishing the structures and institutions of the transitional period between the Transitional Military Council and the Declaration of Freedom and Change Forces Final Communique of the Reconciliation Conference between the Misseriyya Tribes; the Awlad Hayban and Awlad Serur and al-MetaninAgreement between the Government of Sudan and the National Democratic Alliance (NDA) (Cairo Agreement)Agreement between the Government of Sudan and the Justice and Equality Movement-Sudan on the Basis of the Doha Document for Peace in DarfurCeasefire Agreement between the Government of Sudan and the Justice and Equality Movement-Sudan (JEM)Doha Document for Peace in Darfur (DDPD)
Framework Agreement to Resolve the Conflict in Darfur between the Government of Sudan and the LJMCeasefire Agreement between the Government of Sudan and the LJMChairman's Conclusions from the Arusha ConsultationsDarfur Peace AgreementDeclaration of Principles for the Resolution of the Sudanese Conflict in DarfurProtocol between the Government of Sudan, SLM/A and the JEM on the Improvement of the Humanitarian Situation in DarfurHumanitarian Ceasefire Agreement on the Conflict in DarfurEastern Sudan Peace AgreementFinal statement of the Congress of the Syrian national dialogue, Sochi, January 30, 2018Terms for Cessation of Hostilities in Syria, incorporated in Joint Statement of the United States and the Russian Federation, as Co-Chairs of the ISSG, on Cessation of Hostilities in SyriaUN Security Council Resolution 2254'Hudna’ (truce) of al-Zabadani, Kefriyya and al-Fu’aaAgreement between People’s Protection Units (YPG) and Operations Room 'Libtik ya Ukhtah' on status of Sheikh MaqsoudHoms Hudna AgreementFinal Communiqué of the Action Group for Syria (Geneva Communiqué)Dialogue Inter-Togolais: Accord Politique GlobalCharte d'Honneur des Partis Politiques, des Coalitions et des Candidats Indépendants pour les élections et les référendums de la République Tunisienne

Agreement on Disarmament, Demobilization and Reintegration, Juba, SudanAgreement on Implementation and Monitoring MechanismsAgreement on a Permanent CeasefireImplementation Protocol to the Agreement on Comprehensive SolutionsAnnexure to the Agreement on Accountability and ReconciliationAgreement on Accountability and Reconcilation between the Government of the Republic of Uganda and the Lord's Resistance Army/MovementAgreement on Comprehensive Solutions between the Government of the Republic of Uganda and the LRA/MDhahran al-Janoub Agreements on the Cessation of Hostilities in Yemen for Shabwah, al-Dhali’, al-Baydah, al-Jawf, Ma’rib, Ta’iz and Terms and ConditionsThe Peace and National Partnership AgreementNational Dialogue Conference Outcomes DocumentAgreement on the Implementation Mechanism for the Transition Process in Yemen in Accordance with the Initiative of the Gulf Cooperation Council (GCC Implementation Mechanism)Constitution of Zimbabwe Amendment (No 20) 2013Agreement between the Zimbabwe African National Union-Patriotic Front (ZANU-PF) and the Two Movement for Democratic Change (MDC) Formations, on Resolving the Challenges Facing Zimbabwe (Global Political Agreement)",,Multiparty signed/agreedMultiparty signed/agreedMultiparty signed/agreedMultiparty signed/agreedMultiparty signed/agreedMultiparty signed/agreedMultiparty signed/agreedMultiparty signed/agreedMultiparty signed/agreedMultiparty signed/agreedMultiparty signed/agreedMultiparty signed/agreedMultiparty signed/agreedMultiparty signed/agreedMultiparty signed/agreedUnilateral documentMultiparty signed/agreedMultiparty signed/agreedMultiparty signed/agreedMultiparty signed/agreedMultiparty signed/agreedMultiparty signed/agreedStatus unclearUnilateral documentUnilateral documentMultiparty signed/agreedMultiparty signed/agreedMultiparty signed/agreedMultiparty signed/agreedMultiparty signed/agreedMultiparty signed/agreedMultiparty signed/agreedMultiparty signed/agreedMultiparty signed/agreedMultiparty signed/agreedMultiparty signed/agreedMultiparty signed/agreedMultiparty signed/agreedMultiparty signed/agreedMultiparty signed/agreedMultiparty signed/agreedMultiparty signed/agreedMultiparty signed/agreedMultiparty signed/agreedAgreement with subsequent statusMultiparty signed/agreedMultiparty signed/agreedMultiparty signed/agreedMultiparty signed/agreedMultiparty signed/agreedMultiparty signed/agreedMultiparty signed/agreedMultiparty signed/agreedUnilateral documentMultiparty signed/agreedMultiparty signed/agreedMultiparty signed/agreedMultiparty signed/agreedMultiparty signed/agreedMultiparty signed/agreedMultiparty signed/agreedMultiparty signed/agreedMultiparty signed/agreedMultiparty signed/agreedMultiparty signed/agreedMultiparty signed/agreedMultiparty signed/agreedMultiparty signed/agreedMultiparty signed/agreedMultiparty signed/agreedMultiparty signed/agreedMultiparty signed/agreedUnilateral documentMultiparty signed/agreedMultiparty signed/agreedMultiparty signed/agreedMultiparty signed/agreedMultiparty signed/agreedUnilateral documentMultiparty signed/agreedMultiparty signed/agreedMultiparty signed/agreedMultiparty signed/agreedMultiparty signed/agreedMultiparty signed/agreedMultiparty signed/agreedMultiparty signed/agreedMultiparty signed/agreedMultiparty signed/agreedMultiparty signed/agreedMultiparty signed/agreedMultiparty signed/agreedMultiparty signed/agreedUnilateral documentMultiparty signed/agreedMultiparty signed/agreedMultiparty signed/agreedMultiparty signed/agreedMultiparty signed/agreedMultiparty signed/agreedMultiparty signed/agreedMultiparty signed/agreedMultiparty signed/agreedMultiparty signed/agreedMultiparty signed/agreedMultiparty signed/agreedMultiparty signed/agreedMultiparty signed/agreedMultiparty signed/agreedMultiparty signed/agreedMultiparty signed/agreedMultiparty signed/agreedMultiparty signed/agreedStatus unclearMultiparty signed/agreedMultiparty signed/agreedAgreement with subsequent statusMultiparty signed/agreedMultiparty signed/agreedMultiparty signed/agreedMultiparty signed/agreedMultiparty signed/agreedMultiparty signed/agreedMultiparty signed/agreedMultiparty signed/agreedMultiparty signed/agreedMultiparty signed/agreedMultiparty signed/agreedMultiparty signed/agreedMultiparty signed/agreedMultiparty signed/agreedMultiparty signed/agreedMultiparty signed/agreedMultiparty signed/agreedMultiparty signed/agreedMultiparty signed/agreedMultiparty signed/agreedMultiparty signed/agreedMultiparty signed/agreedUnilateral documentMultiparty signed/agreedMultiparty signed/agreedMultiparty signed/agreedMultiparty signed/agreedMultiparty signed/agreedMultiparty signed/agreedMultiparty signed/agreedMultiparty signed/agreedMultiparty signed/agreedMultiparty signed/agreedMultiparty signed/agreedMultiparty signed/agreedMultiparty signed/agreedMultiparty signed/agreedMultiparty signed/agreedMultiparty signed/agreedMultiparty signed/agreedMultiparty signed/agreedMultiparty signed/agreedMultiparty signed/agreedMultiparty signed/agreedMultiparty signed/agreedMultiparty signed/agreedMultiparty signed/agreedMultiparty signed/agreedMultiparty signed/agreedMultiparty signed/agreedMultiparty signed/agreedMultiparty signed/agreedMultiparty signed/agreedMultiparty signed/agreedMultiparty signed/agreedMultiparty signed/agreedMultiparty signed/agreedMultiparty signed/agreedMultiparty signed/agreedMultiparty signed/agreedMultiparty signed/agreedMultiparty signed/agreedMultiparty signed/agreedMultiparty signed/agreedMultiparty signed/agreedMultiparty signed/agreedMultiparty signed/agreedMultiparty signed/agreedMultiparty signed/agreedMultiparty signed/agreedMultiparty signed/agreedMultiparty signed/agreedMultiparty signed/agreedMultiparty signed/agreedMultiparty signed/agreedMultiparty signed/agreedMultiparty signed/agreedMultiparty signed/agreedMultiparty signed/agreedMultiparty signed/agreedMultiparty signed/agreedMultiparty signed/agreedMultiparty signed/agreedMultiparty signed/agreedMultiparty signed/agreedMultiparty signed/agreedMultiparty signed/agreedMultiparty signed/agreedMultiparty signed/agreedMultiparty signed/agreedMultiparty signed/agreedMultiparty signed/agreedMultiparty signed/agreedMultiparty signed/agreedMultiparty signed/agreedMultiparty signed/agreedMultiparty signed/agreedMultiparty signed/agreedMultiparty signed/agreedMultiparty signed/agreedMultiparty signed/agreedMultiparty signed/agreedMultiparty signed/agreedMultiparty signed/agreedMultiparty signed/agreedMultiparty signed/agreedMultiparty signed/agreedUnilateral documentMultiparty signed/agreedMultiparty signed/agreedMultiparty signed/agreedMultiparty signed/agreedMultiparty signed/agreedUnilateral documentMultiparty signed/agreedMultiparty signed/agreedMultiparty signed/agreedMultiparty signed/agreedMultiparty signed/agreedMultiparty signed/agreedMultiparty signed/agreedMultiparty signed/agreedMultiparty signed/agreedMultiparty signed/agreedMultiparty signed/agreedMultiparty signed/agreedMultiparty signed/agreedMultiparty signed/agreedMultiparty signed/agreedMultiparty signed/agreedMultiparty signed/agreedMultiparty signed/agreedMultiparty signed/agreedMultiparty signed/agreedUnilateral documentMultiparty signed/agreedMultiparty signed/agreedMultiparty signed/agreedUnilateral documentMultiparty signed/agreedMultiparty signed/agreedMultiparty signed/agreedMultiparty signed/agreedMultiparty signed/agreedMultiparty signed/agreedMultiparty signed/agreedMultiparty signed/agreedMultiparty signed/agreedMultiparty signed/agreedMultiparty signed/agreedMultiparty signed/agreedMultiparty signed/agreedMultiparty signed/agreedMultiparty signed/agreed,4792,9315553,IntraIntraIntraInterIntraInterIntraInterIntraInterIntraIntraInterIntraInterIntraInterIntraInterIntraInterIntraInterIntraIntraIntraIntraInterIntraInterIntraInterIntraIntraInterIntraIntraIntraIntraIntraIntraIntraIntraIntraIntraIntraIntraIntraLocalIntraIntraLocalIntraLocalIntraIntraLocalIntraLocalIntraIntraIntraIntraInterIntraIntraIntraIntraIntraIntraIntraIntraIntraIntraIntraIntraIntraIntraIntraIntraIntraIntraIntraIntraIntraIntraIntraIntraIntraIntraIntraIntraInterIntraIntraIntraIntraIntraIntraIntraIntraIntraIntraIntraIntraIntraIntraLocalIntraLocalIntraIntraIntraIntraIntraIntraInterIntraIntraIntraIntraIntraIntraIntraInterIntraIntraLocalIntraLocalIntraLocalIntraLocalIntraIntraIntraIntraLocalIntraIntraIntraInterIntraIntraLocalIntraLocalIntraIntraIntraIntraLocalIntraIntraIntraIntraIntraIntraIntraIntraIntraIntraLocalIntraLocalIntraLocalIntraIntraLocalIntraLocalIntraLocalIntraIntraIntraIntraIntraIntraIntraIntraIntraLocalIntraLocalIntraLocalIntraLocalIntraLocalIntraLocalIntraLocalIntraIntraIntraIntraIntraIntraIntraIntraIntraIntraIntraIntraIntraIntraIntraIntraIntraIntraIntraIntraIntraIntraIntraIntraIntraIntraIntraIntraIntraIntraIntraIntraIntraIntraIntraIntraIntraIntraIntraIntraIntraIntraLocalIntraLocalIntraLocalIntraIntraIntraLocalIntraLocalIntraIntraLocalIntraIntraLocalIntraIntraIntraIntraIntraLocalIntraLocalIntraIntraLocalIntraLocalInterIntraIntraIntraIntraIntraIntraIntraIntraLocalIntraIntraLocalIntraLocalIntraIntraIntraInterIntraIntraIntraIntraIntraInterIntraIntraIntraInterIntraIntraIntraIntraLocalIntraIntraIntraIntraIntraIntraIntraIntraIntraIntraIntraIntraInterIntraInterIntraInterIntraIntraLocalIntraLocalIntraLocalInterIntraIntraIntraIntraIntraIntraIntraIntraIntraIntraIntraIntraIntraIntraIntraIntra,,,,,,,,156278.0,7085.0,484022.0,80588.0,120.0,119953.0,NoNoNoNoNoNoNoNoNoNoNoNoNoNoYesNoNoNoNoNoNoNoNoNoNoNoNoNoNoNoNoNoYesNoNoNoNoNoNoNoNoNoNoYesNoNoNoNoNoNoNoNoNoNoNoNoNoNoNoNoNoNoNoNoNoNoNoNoNoNoNoNoNoNoYesNoNoNoNoNoNoNoYesYesNoNoNoNoNoNoNoNoNoNoYesYesNoNoNoNoNoNoNoNoNoYesNoNoNoNoNoYesNoNoNoYesYesYesNoYesNoNoNoNoNoNoNoNoNoNoNoNoNoNoNoYesNoNoYesNoNoNoNoNoNoNoNoNoNoNoNoNoNoNoNoNoNoNoNoNoNoNoNoNoNoNoNoNoNoNoYesNoNoNoNoNoNoYesNoNoNoNoNoNoYesNoNoNoNoNoNoNoNoNoNoNoNoNoNoNoNoNoYesYesNoYesNoNoNoNoNoNoYesYesNoNoNoNoNoNoNoNoNoNoYesNoNoNoNoNoNoNoNoNoNoMaybeNoNoNoNoNoNoNoNoNoNoNoNoNoNoNoNoNoNoNoMaybeYesNoNoNoNoNoNoNoNoNoYesNoYesNoYes,127,40,93,15,29,74,55,41,8,37,3,16,16,13,54,44,16,9,4,61,16,35,19,6,91,45,40,27,14,39,30,12,4,57,15,11,6,9,34,19,4,78,32,29,27,26,7,4,48,33,13,9,26
